<?xml version="1.0" encoding="UTF-8"?>

<!-- XML para el modelo con anotaciones, se pueden agregar varios modelos en el arqivo-->

<!DOCTYPE hibernate-configuration PUBLIC
        "-//Hibernate/Hibernate Configuration DTD 3.0//EN"
        "https://hibernate.org/dtd/hibernate-configuration-3.0.dtd">
<hibernate-configuration>
    <session-factory>
        <!-- Database connection properties - Driver, URL, user, password -->
        <property name="hibernate.connection.driver_class">com.mysql.jdbc.Driver</property>
        <property name="hibernate.connection.url">jdbc:mysql://localhost/argentina_programa</property>
        <property name="hibernate.dialect">org.hibernate.dialect.MySQL5Dialect</property>
        <property name="hibernate.connection.username">root</property>
        <property name="hibernate.connection.password">Exa76419</property>

        <!-- org.hibernate.HibernateException: No CurrentSessionContext configured! -->
        <property name="hibernate.current_session_context_class">thread</property>

        <!-- Disable the second-level cache  -->
        <property name="cache.provider_class">org.hibernate.cache.NoCacheProvider</property>

        <!-- Mapping with model class containing annotations -->
        <mapping class="modelos.Cancion"/>
    </session-factory>
</hibernate-configuration>